#,Name,Type 1,Type 2,Total,HP,Attack,Defense,Sp. Atk,Sp. Def,Speed,Generation,Legendary
1,Bulbasaur,9,14,318,45,49,49,65,65,45,1,0
2,Ivysaur,9,14,405,60,62,63,80,80,60,1,0
3,Venusaur,9,14,525,80,82,83,100,100,80,1,0
3,VenusaurMega Venusaur,9,14,625,80,100,123,122,120,80,1,0
4,Charmander,6,12,309,39,52,43,60,50,65,1,0
5,Charmeleon,6,12,405,58,64,58,80,65,80,1,0
6,Charizard,6,7,534,78,84,78,109,85,100,1,0
6,CharizardMega Charizard X,6,2,634,78,130,111,130,85,100,1,0
6,CharizardMega Charizard Y,6,7,634,78,104,78,159,115,100,1,0
7,Squirtle,17,12,314,44,48,65,50,64,43,1,0
8,Wartortle,17,12,405,59,63,80,65,80,58,1,0
9,Blastoise,17,12,530,79,83,100,85,105,78,1,0
9,BlastoiseMega Blastoise,17,12,630,79,103,120,135,115,78,1,0
10,Caterpie,0,12,195,45,30,35,20,20,45,1,0
11,Metapod,0,12,205,50,20,55,25,25,30,1,0
12,Butterfree,0,7,395,60,45,50,90,80,70,1,0
13,Weedle,0,14,195,40,35,30,20,20,50,1,0
14,Kakuna,0,14,205,45,25,50,25,25,35,1,0
15,Beedrill,0,14,395,65,90,40,45,80,75,1,0
15,BeedrillMega Beedrill,0,14,495,65,150,40,15,80,145,1,0
16,Pidgey,12,7,251,40,45,40,35,35,56,1,0
17,Pidgeotto,12,7,349,63,60,55,50,50,71,1,0
18,Pidgeot,12,7,479,83,80,75,70,70,101,1,0
18,PidgeotMega Pidgeot,12,7,579,83,80,80,135,80,121,1,0
19,Rattata,12,12,253,30,56,35,25,35,72,1,0
20,Raticate,12,12,413,55,81,60,50,70,97,1,0
21,Spearow,12,7,262,40,60,30,31,31,70,1,0
22,Fearow,12,7,442,65,90,65,61,61,100,1,0
23,Ekans,13,12,288,35,60,44,40,54,55,1,0
24,Arbok,13,12,438,60,85,69,65,79,80,1,0
25,Pikachu,3,12,320,35,55,40,50,50,90,1,0
26,Raichu,3,12,485,60,90,55,90,80,110,1,0
27,Sandshrew,10,12,300,50,75,85,20,30,40,1,0
28,Sandslash,10,12,450,75,100,110,45,55,65,1,0
29,Nidoran,13,12,275,55,47,52,40,40,41,1,0
30,Nidorina,13,12,365,70,62,67,55,55,56,1,0
31,Nidoqueen,13,10,505,90,92,87,75,85,76,1,0
32,Nidoran,13,12,273,46,57,40,40,40,50,1,0
33,Nidorino,13,12,365,61,72,57,55,55,65,1,0
34,Nidoking,13,10,505,81,102,77,85,75,85,1,0
35,Clefairy,4,12,323,70,45,48,60,65,35,1,0
36,Clefable,4,12,483,95,70,73,95,90,60,1,0
37,Vulpix,6,12,299,38,41,40,50,65,65,1,0
38,Ninetales,6,12,505,73,76,75,81,100,100,1,0
39,Jigglypuff,12,4,270,115,45,20,45,25,20,1,0
40,Wigglytuff,12,4,435,140,70,45,85,50,45,1,0
41,Zubat,13,7,245,40,45,35,30,40,55,1,0
42,Golbat,13,7,455,75,80,70,65,75,90,1,0
43,Oddish,9,14,320,45,50,55,75,65,30,1,0
44,Gloom,9,14,395,60,65,70,85,75,40,1,0
45,Vileplume,9,14,490,75,80,85,110,90,50,1,0
46,Paras,0,9,285,35,70,55,45,55,25,1,0
47,Parasect,0,9,405,60,95,80,60,80,30,1,0
48,Venonat,0,14,305,60,55,50,40,55,45,1,0
49,Venomoth,0,14,450,70,65,60,90,75,90,1,0
50,Diglett,10,12,265,10,55,25,35,45,95,1,0
51,Dugtrio,10,12,405,35,80,50,50,70,120,1,0
52,Meowth,12,12,290,40,45,35,40,40,90,1,0
53,Persian,12,12,440,65,70,60,65,65,115,1,0
54,Psyduck,17,12,320,50,52,48,65,50,55,1,0
55,Golduck,17,12,500,80,82,78,95,80,85,1,0
56,Mankey,5,12,305,40,80,35,35,45,70,1,0
57,Primeape,5,12,455,65,105,60,60,70,95,1,0
58,Growlithe,6,12,350,55,70,45,70,50,60,1,0
59,Arcanine,6,12,555,90,110,80,100,80,95,1,0
60,Poliwag,17,12,300,40,50,40,40,40,90,1,0
61,Poliwhirl,17,12,385,65,65,65,50,50,90,1,0
62,Poliwrath,17,5,510,90,95,95,70,90,70,1,0
63,Abra,14,12,310,25,20,15,105,55,90,1,0
64,Kadabra,14,12,400,40,35,30,120,70,105,1,0
65,Alakazam,14,12,500,55,50,45,135,95,120,1,0
65,AlakazamMega Alakazam,14,12,590,55,50,65,175,95,150,1,0
66,Machop,5,12,305,70,80,50,35,35,35,1,0
67,Machoke,5,12,405,80,100,70,50,60,45,1,0
68,Machamp,5,12,505,90,130,80,65,85,55,1,0
69,Bellsprout,9,14,300,50,75,35,70,30,40,1,0
70,Weepinbell,9,14,390,65,90,50,85,45,55,1,0
71,Victreebel,9,14,490,80,105,65,100,70,70,1,0
72,Tentacool,17,14,335,40,40,35,50,100,70,1,0
73,Tentacruel,17,14,515,80,70,65,80,120,100,1,0
74,Geodude,15,10,300,40,80,100,30,30,20,1,0
75,Graveler,15,10,390,55,95,115,45,45,35,1,0
76,Golem,15,10,495,80,120,130,55,65,45,1,0
77,Ponyta,6,12,410,50,85,55,65,65,90,1,0
78,Rapidash,6,12,500,65,100,70,80,80,105,1,0
79,Slowpoke,17,15,315,90,65,65,40,40,15,1,0
80,Slowbro,17,15,490,95,75,110,100,80,30,1,0
80,SlowbroMega Slowbro,17,15,590,95,75,180,130,80,30,1,0
81,Magnemite,3,17,325,25,35,70,95,55,45,1,0
82,Magneton,3,17,465,50,60,95,120,70,70,1,0
83,Farfetch'd,12,7,352,52,65,55,58,62,60,1,0
84,Doduo,12,7,310,35,85,45,35,35,75,1,0
85,Dodrio,12,7,460,60,110,70,60,60,100,1,0
86,Seel,17,12,325,65,45,55,45,70,45,1,0
87,Dewgong,17,11,475,90,70,80,70,95,70,1,0
88,Grimer,13,12,325,80,80,50,40,50,25,1,0
89,Muk,13,12,500,105,105,75,65,100,50,1,0
90,Shellder,17,12,305,30,65,100,45,25,40,1,0
91,Cloyster,17,11,525,50,95,180,85,45,70,1,0
92,Gastly,8,14,310,30,35,30,100,35,80,1,0
93,Haunter,8,14,405,45,50,45,115,55,95,1,0
94,Gengar,8,14,500,60,65,60,130,75,110,1,0
94,GengarMega Gengar,8,14,600,60,65,80,170,95,130,1,0
95,Onix,15,10,385,35,45,160,30,45,70,1,0
96,Drowzee,14,12,328,60,48,45,43,90,42,1,0
97,Hypno,14,12,483,85,73,70,73,115,67,1,0
98,Krabby,17,12,325,30,105,90,25,25,50,1,0
99,Kingler,17,12,475,55,130,115,50,50,75,1,0
100,Voltorb,3,12,330,40,30,50,55,55,100,1,0
101,Electrode,3,12,480,60,50,70,80,80,140,1,0
102,Exeggcute,9,15,325,60,40,80,60,45,40,1,0
103,Exeggutor,9,15,520,95,95,85,125,65,55,1,0
104,Cubone,10,12,320,50,50,95,40,50,35,1,0
105,Marowak,10,12,425,60,80,110,50,80,45,1,0
106,Hitmonlee,5,12,455,50,120,53,35,110,87,1,0
107,Hitmonchan,5,12,455,50,105,79,35,110,76,1,0
108,Lickitung,12,12,385,90,55,75,60,75,30,1,0
109,Koffing,13,12,340,40,65,95,60,45,35,1,0
110,Weezing,13,12,490,65,90,120,85,70,60,1,0
111,Rhyhorn,10,16,345,80,85,95,30,30,25,1,0
112,Rhydon,10,16,485,105,130,120,45,45,40,1,0
113,Chansey,12,12,450,250,5,5,35,105,50,1,0
114,Tangela,9,12,435,65,55,115,100,40,60,1,0
115,Kangaskhan,12,12,490,105,95,80,40,80,90,1,0
115,KangaskhanMega Kangaskhan,12,12,590,105,125,100,60,100,100,1,0
116,Horsea,17,12,295,30,40,70,70,25,60,1,0
117,Seadra,17,12,440,55,65,95,95,45,85,1,0
118,Goldeen,17,12,320,45,67,60,35,50,63,1,0
119,Seaking,17,12,450,80,92,65,65,80,68,1,0
120,Staryu,17,12,340,30,45,55,70,55,85,1,0
121,Starmie,17,15,520,60,75,85,100,85,115,1,0
122,Mr. Mime,14,4,460,40,45,65,100,120,90,1,0
123,Scyther,0,7,500,70,110,80,55,80,105,1,0
124,Jynx,11,15,455,65,50,35,115,95,95,1,0
125,Electabuzz,3,12,490,65,83,57,95,85,105,1,0
126,Magmar,6,12,495,65,95,57,100,85,93,1,0
127,Pinsir,0,12,500,65,125,100,55,70,85,1,0
127,PinsirMega Pinsir,0,7,600,65,155,120,65,90,105,1,0
128,Tauros,12,12,490,75,100,95,40,70,110,1,0
129,Magikarp,17,12,200,20,10,55,15,20,80,1,0
130,Gyarados,17,7,540,95,125,79,60,100,81,1,0
130,GyaradosMega Gyarados,17,1,640,95,155,109,70,130,81,1,0
131,Lapras,17,11,535,130,85,80,85,95,60,1,0
132,Ditto,12,12,288,48,48,48,48,48,48,1,0
133,Eevee,12,12,325,55,55,50,45,65,55,1,0
134,Vaporeon,17,12,525,130,65,60,110,95,65,1,0
135,Jolteon,3,12,525,65,65,60,110,95,130,1,0
136,Flareon,6,12,525,65,130,60,95,110,65,1,0
137,Porygon,12,12,395,65,60,70,85,75,40,1,0
138,Omanyte,15,18,355,35,40,100,90,55,35,1,0
139,Omastar,15,18,495,70,60,125,115,70,55,1,0
140,Kabuto,15,18,355,30,80,90,55,45,55,1,0
141,Kabutops,15,18,495,60,115,105,65,70,80,1,0
142,Aerodactyl,15,7,515,80,105,65,60,75,130,1,0
142,AerodactylMega Aerodactyl,15,7,615,80,135,85,70,95,150,1,0
143,Snorlax,12,12,540,160,110,65,65,110,30,1,0
144,Articuno,11,7,580,90,85,100,95,125,85,1,1
145,Zapdos,3,7,580,90,90,85,125,90,100,1,1
146,Moltres,6,7,580,90,100,90,125,85,90,1,1
147,Dratini,2,12,300,41,64,45,50,50,50,1,0
148,Dragonair,2,12,420,61,84,65,70,70,70,1,0
149,Dragonite,2,7,600,91,134,95,100,100,80,1,0
150,Mewtwo,14,12,680,106,110,90,154,90,130,1,1
150,MewtwoMega Mewtwo X,14,5,780,106,190,100,154,100,130,1,1
150,MewtwoMega Mewtwo Y,14,12,780,106,150,70,194,120,140,1,1
151,Mew,14,12,600,100,100,100,100,100,100,1,0
152,Chikorita,9,12,318,45,49,65,49,65,45,2,0
153,Bayleef,9,12,405,60,62,80,63,80,60,2,0
154,Meganium,9,12,525,80,82,100,83,100,80,2,0
155,Cyndaquil,6,12,309,39,52,43,60,50,65,2,0
156,Quilava,6,12,405,58,64,58,80,65,80,2,0
157,Typhlosion,6,12,534,78,84,78,109,85,100,2,0
158,Totodile,17,12,314,50,65,64,44,48,43,2,0
159,Croconaw,17,12,405,65,80,80,59,63,58,2,0
160,Feraligatr,17,12,530,85,105,100,79,83,78,2,0
161,Sentret,12,12,215,35,46,34,35,45,20,2,0
162,Furret,12,12,415,85,76,64,45,55,90,2,0
163,Hoothoot,12,7,262,60,30,30,36,56,50,2,0
164,Noctowl,12,7,442,100,50,50,76,96,70,2,0
165,Ledyba,0,7,265,40,20,30,40,80,55,2,0
166,Ledian,0,7,390,55,35,50,55,110,85,2,0
167,Spinarak,0,14,250,40,60,40,40,40,30,2,0
168,Ariados,0,14,390,70,90,70,60,60,40,2,0
169,Crobat,13,7,535,85,90,80,70,80,130,2,0
170,Chinchou,17,3,330,75,38,38,56,56,67,2,0
171,Lanturn,17,3,460,125,58,58,76,76,67,2,0
172,Pichu,3,12,205,20,40,15,35,35,60,2,0
173,Cleffa,4,12,218,50,25,28,45,55,15,2,0
174,Igglybuff,12,4,210,90,30,15,40,20,15,2,0
175,Togepi,4,12,245,35,20,65,40,65,20,2,0
176,Togetic,4,7,405,55,40,85,80,105,40,2,0
177,Natu,14,7,320,40,50,45,70,45,70,2,0
178,Xatu,14,7,470,65,75,70,95,70,95,2,0
179,Mareep,3,12,280,55,40,40,65,45,35,2,0
180,Flaaffy,3,12,365,70,55,55,80,60,45,2,0
181,Ampharos,3,12,510,90,75,85,115,90,55,2,0
181,AmpharosMega Ampharos,3,2,610,90,95,105,165,110,45,2,0
182,Bellossom,9,12,490,75,80,95,90,100,50,2,0
183,Marill,17,4,250,70,20,50,20,50,40,2,0
184,Azumarill,17,4,420,100,50,80,60,80,50,2,0
185,Sudowoodo,15,12,410,70,100,115,30,65,30,2,0
186,Politoed,17,12,500,90,75,75,90,100,70,2,0
187,Hoppip,9,7,250,35,35,40,35,55,50,2,0
188,Skiploom,9,7,340,55,45,50,45,65,80,2,0
189,Jumpluff,9,7,460,75,55,70,55,95,110,2,0
190,Aipom,12,12,360,55,70,55,40,55,85,2,0
191,Sunkern,9,12,180,30,30,30,30,30,30,2,0
192,Sunflora,9,12,425,75,75,55,105,85,30,2,0
193,Yanma,0,7,390,65,65,45,75,45,95,2,0
194,Wooper,17,10,210,55,45,45,25,25,15,2,0
195,Quagsire,17,10,430,95,85,85,65,65,35,2,0
196,Espeon,14,12,525,65,65,60,130,95,110,2,0
197,Umbreon,1,12,525,95,65,110,60,130,65,2,0
198,Murkrow,1,7,405,60,85,42,85,42,91,2,0
199,Slowking,17,15,490,95,75,80,100,110,30,2,0
200,Misdreavus,8,12,435,60,60,60,85,85,85,2,0
201,Unown,14,12,336,48,72,48,72,48,48,2,0
202,Wobbuffet,14,12,405,190,33,58,33,58,33,2,0
203,Girafarig,12,15,455,70,80,65,90,65,85,2,0
204,Pineco,0,12,290,50,65,90,35,35,15,2,0
205,Forretress,0,17,465,75,90,140,60,60,40,2,0
206,Dunsparce,12,12,415,100,70,70,65,65,45,2,0
207,Gligar,10,7,430,65,75,105,35,65,85,2,0
208,Steelix,16,10,510,75,85,200,55,65,30,2,0
208,SteelixMega Steelix,16,10,610,75,125,230,55,95,30,2,0
209,Snubbull,4,12,300,60,80,50,40,40,30,2,0
210,Granbull,4,12,450,90,120,75,60,60,45,2,0
211,Qwilfish,17,14,430,65,95,75,55,55,85,2,0
212,Scizor,0,17,500,70,130,100,55,80,65,2,0
212,ScizorMega Scizor,0,17,600,70,150,140,65,100,75,2,0
213,Shuckle,0,16,505,20,10,230,10,230,5,2,0
214,Heracross,0,5,500,80,125,75,40,95,85,2,0
214,HeracrossMega Heracross,0,5,600,80,185,115,40,105,75,2,0
215,Sneasel,1,11,430,55,95,55,35,75,115,2,0
216,Teddiursa,12,12,330,60,80,50,50,50,40,2,0
217,Ursaring,12,12,500,90,130,75,75,75,55,2,0
218,Slugma,6,12,250,40,40,40,70,40,20,2,0
219,Magcargo,6,16,410,50,50,120,80,80,30,2,0
220,Swinub,11,10,250,50,50,40,30,30,50,2,0
221,Piloswine,11,10,450,100,100,80,60,60,50,2,0
222,Corsola,17,16,380,55,55,85,65,85,35,2,0
223,Remoraid,17,12,300,35,65,35,65,35,65,2,0
224,Octillery,17,12,480,75,105,75,105,75,45,2,0
225,Delibird,11,7,330,45,55,45,65,45,75,2,0
226,Mantine,17,7,465,65,40,70,80,140,70,2,0
227,Skarmory,16,7,465,65,80,140,40,70,70,2,0
228,Houndour,1,6,330,45,60,30,80,50,65,2,0
229,Houndoom,1,6,500,75,90,50,110,80,95,2,0
229,HoundoomMega Houndoom,1,6,600,75,90,90,140,90,115,2,0
230,Kingdra,17,2,540,75,95,95,95,95,85,2,0
231,Phanpy,10,12,330,90,60,60,40,40,40,2,0
232,Donphan,10,12,500,90,120,120,60,60,50,2,0
233,Porygon2,12,12,515,85,80,90,105,95,60,2,0
234,Stantler,12,12,465,73,95,62,85,65,85,2,0
235,Smeargle,12,12,250,55,20,35,20,45,75,2,0
236,Tyrogue,5,12,210,35,35,35,35,35,35,2,0
237,Hitmontop,5,12,455,50,95,95,35,110,70,2,0
238,Smoochum,11,15,305,45,30,15,85,65,65,2,0
239,Elekid,3,12,360,45,63,37,65,55,95,2,0
240,Magby,6,12,365,45,75,37,70,55,83,2,0
241,Miltank,12,12,490,95,80,105,40,70,100,2,0
242,Blissey,12,12,540,255,10,10,75,135,55,2,0
243,Raikou,3,12,580,90,85,75,115,100,115,2,1
244,Entei,6,12,580,115,115,85,90,75,100,2,1
245,Suicune,17,12,580,100,75,115,90,115,85,2,1
246,Larvitar,15,10,300,50,64,50,45,50,41,2,0
247,Pupitar,15,10,410,70,84,70,65,70,51,2,0
248,Tyranitar,15,1,600,100,134,110,95,100,61,2,0
248,TyranitarMega Tyranitar,15,1,700,100,164,150,95,120,71,2,0
249,Lugia,14,7,680,106,90,130,90,154,110,2,1
250,Ho-oh,6,7,680,106,130,90,110,154,90,2,1
251,Celebi,14,9,600,100,100,100,100,100,100,2,0
252,Treecko,9,12,310,40,45,35,65,55,70,3,0
253,Grovyle,9,12,405,50,65,45,85,65,95,3,0
254,Sceptile,9,12,530,70,85,65,105,85,120,3,0
254,SceptileMega Sceptile,9,2,630,70,110,75,145,85,145,3,0
255,Torchic,6,12,310,45,60,40,70,50,45,3,0
256,Combusken,6,5,405,60,85,60,85,60,55,3,0
257,Blaziken,6,5,530,80,120,70,110,70,80,3,0
257,BlazikenMega Blaziken,6,5,630,80,160,80,130,80,100,3,0
258,Mudkip,17,12,310,50,70,50,50,50,40,3,0
259,Marshtomp,17,10,405,70,85,70,60,70,50,3,0
260,Swampert,17,10,535,100,110,90,85,90,60,3,0
260,SwampertMega Swampert,17,10,635,100,150,110,95,110,70,3,0
261,Poochyena,1,12,220,35,55,35,30,30,35,3,0
262,Mightyena,1,12,420,70,90,70,60,60,70,3,0
263,Zigzagoon,12,12,240,38,30,41,30,41,60,3,0
264,Linoone,12,12,420,78,70,61,50,61,100,3,0
265,Wurmple,0,12,195,45,45,35,20,30,20,3,0
266,Silcoon,0,12,205,50,35,55,25,25,15,3,0
267,Beautifly,0,7,395,60,70,50,100,50,65,3,0
268,Cascoon,0,12,205,50,35,55,25,25,15,3,0
269,Dustox,0,14,385,60,50,70,50,90,65,3,0
270,Lotad,17,9,220,40,30,30,40,50,30,3,0
271,Lombre,17,9,340,60,50,50,60,70,50,3,0
272,Ludicolo,17,9,480,80,70,70,90,100,70,3,0
273,Seedot,9,12,220,40,40,50,30,30,30,3,0
274,Nuzleaf,9,1,340,70,70,40,60,40,60,3,0
275,Shiftry,9,1,480,90,100,60,90,60,80,3,0
276,Taillow,12,7,270,40,55,30,30,30,85,3,0
277,Swellow,12,7,430,60,85,60,50,50,125,3,0
278,Wingull,17,7,270,40,30,30,55,30,85,3,0
279,Pelipper,17,7,430,60,50,100,85,70,65,3,0
280,Ralts,14,4,198,28,25,25,45,35,40,3,0
281,Kirlia,14,4,278,38,35,35,65,55,50,3,0
282,Gardevoir,14,4,518,68,65,65,125,115,80,3,0
282,GardevoirMega Gardevoir,14,4,618,68,85,65,165,135,100,3,0
283,Surskit,0,18,269,40,30,32,50,52,65,3,0
284,Masquerain,0,7,414,70,60,62,80,82,60,3,0
285,Shroomish,9,12,295,60,40,60,40,60,35,3,0
286,Breloom,9,5,460,60,130,80,60,60,70,3,0
287,Slakoth,12,12,280,60,60,60,35,35,30,3,0
288,Vigoroth,12,12,440,80,80,80,55,55,90,3,0
289,Slaking,12,12,670,150,160,100,95,65,100,3,0
290,Nincada,0,10,266,31,45,90,30,30,40,3,0
291,Ninjask,0,7,456,61,90,45,50,50,160,3,0
292,Shedinja,0,8,236,1,90,45,30,30,40,3,0
293,Whismur,12,12,240,64,51,23,51,23,28,3,0
294,Loudred,12,12,360,84,71,43,71,43,48,3,0
295,Exploud,12,12,490,104,91,63,91,73,68,3,0
296,Makuhita,5,12,237,72,60,30,20,30,25,3,0
297,Hariyama,5,12,474,144,120,60,40,60,50,3,0
298,Azurill,12,4,190,50,20,40,20,40,20,3,0
299,Nosepass,15,12,375,30,45,135,45,90,30,3,0
300,Skitty,12,12,260,50,45,45,35,35,50,3,0
301,Delcatty,12,12,380,70,65,65,55,55,70,3,0
302,Sableye,1,8,380,50,75,75,65,65,50,3,0
302,SableyeMega Sableye,1,8,480,50,85,125,85,115,20,3,0
303,Mawile,16,4,380,50,85,85,55,55,50,3,0
303,MawileMega Mawile,16,4,480,50,105,125,55,95,50,3,0
304,Aron,16,16,330,50,70,100,40,40,30,3,0
305,Lairon,16,16,430,60,90,140,50,50,40,3,0
306,Aggron,16,16,530,70,110,180,60,60,50,3,0
306,AggronMega Aggron,16,12,630,70,140,230,60,80,50,3,0
307,Meditite,5,15,280,30,40,55,40,55,60,3,0
308,Medicham,5,15,410,60,60,75,60,75,80,3,0
308,MedichamMega Medicham,5,15,510,60,100,85,80,85,100,3,0
309,Electrike,3,12,295,40,45,40,65,40,65,3,0
310,Manectric,3,12,475,70,75,60,105,60,105,3,0
310,ManectricMega Manectric,3,12,575,70,75,80,135,80,135,3,0
311,Plusle,3,12,405,60,50,40,85,75,95,3,0
312,Minun,3,12,405,60,40,50,75,85,95,3,0
313,Volbeat,0,12,400,65,73,55,47,75,85,3,0
314,Illumise,0,12,400,65,47,55,73,75,85,3,0
315,Roselia,9,14,400,50,60,45,100,80,65,3,0
316,Gulpin,13,12,302,70,43,53,43,53,40,3,0
317,Swalot,13,12,467,100,73,83,73,83,55,3,0
318,Carvanha,17,1,305,45,90,20,65,20,65,3,0
319,Sharpedo,17,1,460,70,120,40,95,40,95,3,0
319,SharpedoMega Sharpedo,17,1,560,70,140,70,110,65,105,3,0
320,Wailmer,17,12,400,130,70,35,70,35,60,3,0
321,Wailord,17,12,500,170,90,45,90,45,60,3,0
322,Numel,6,10,305,60,60,40,65,45,35,3,0
323,Camerupt,6,10,460,70,100,70,105,75,40,3,0
323,CameruptMega Camerupt,6,10,560,70,120,100,145,105,20,3,0
324,Torkoal,6,12,470,70,85,140,85,70,20,3,0
325,Spoink,14,12,330,60,25,35,70,80,60,3,0
326,Grumpig,14,12,470,80,45,65,90,110,80,3,0
327,Spinda,12,12,360,60,60,60,60,60,60,3,0
328,Trapinch,10,12,290,45,100,45,45,45,10,3,0
329,Vibrava,10,2,340,50,70,50,50,50,70,3,0
330,Flygon,10,2,520,80,100,80,80,80,100,3,0
331,Cacnea,9,12,335,50,85,40,85,40,35,3,0
332,Cacturne,9,1,475,70,115,60,115,60,55,3,0
333,Swablu,12,7,310,45,40,60,40,75,50,3,0
334,Altaria,2,7,490,75,70,90,70,105,80,3,0
334,AltariaMega Altaria,2,4,590,75,110,110,110,105,80,3,0
335,Zangoose,12,12,458,73,115,60,60,60,90,3,0
336,Seviper,13,12,458,73,100,60,100,60,65,3,0
337,Lunatone,15,15,440,70,55,65,95,85,70,3,0
338,Solrock,15,15,440,70,95,85,55,65,70,3,0
339,Barboach,17,10,288,50,48,43,46,41,60,3,0
340,Whiscash,17,10,468,110,78,73,76,71,60,3,0
341,Corphish,17,12,308,43,80,65,50,35,35,3,0
342,Crawdaunt,17,1,468,63,120,85,90,55,55,3,0
343,Baltoy,10,15,300,40,40,55,40,70,55,3,0
344,Claydol,10,15,500,60,70,105,70,120,75,3,0
345,Lileep,15,9,355,66,41,77,61,87,23,3,0
346,Cradily,15,9,495,86,81,97,81,107,43,3,0
347,Anorith,15,0,355,45,95,50,40,50,75,3,0
348,Armaldo,15,0,495,75,125,100,70,80,45,3,0
349,Feebas,17,12,200,20,15,20,10,55,80,3,0
350,Milotic,17,12,540,95,60,79,100,125,81,3,0
351,Castform,12,12,420,70,70,70,70,70,70,3,0
352,Kecleon,12,12,440,60,90,70,60,120,40,3,0
353,Shuppet,8,12,295,44,75,35,63,33,45,3,0
354,Banette,8,12,455,64,115,65,83,63,65,3,0
354,BanetteMega Banette,8,12,555,64,165,75,93,83,75,3,0
355,Duskull,8,12,295,20,40,90,30,90,25,3,0
356,Dusclops,8,12,455,40,70,130,60,130,25,3,0
357,Tropius,9,7,460,99,68,83,72,87,51,3,0
358,Chimecho,14,12,425,65,50,70,95,80,65,3,0
359,Absol,1,12,465,65,130,60,75,60,75,3,0
359,AbsolMega Absol,1,12,565,65,150,60,115,60,115,3,0
360,Wynaut,14,12,260,95,23,48,23,48,23,3,0
361,Snorunt,11,12,300,50,50,50,50,50,50,3,0
362,Glalie,11,12,480,80,80,80,80,80,80,3,0
362,GlalieMega Glalie,11,12,580,80,120,80,120,80,100,3,0
363,Spheal,11,18,290,70,40,50,55,50,25,3,0
364,Sealeo,11,18,410,90,60,70,75,70,45,3,0
365,Walrein,11,18,530,110,80,90,95,90,65,3,0
366,Clamperl,17,12,345,35,64,85,74,55,32,3,0
367,Huntail,17,12,485,55,104,105,94,75,52,3,0
368,Gorebyss,17,12,485,55,84,105,114,75,52,3,0
369,Relicanth,17,16,485,100,90,130,45,65,55,3,0
370,Luvdisc,17,12,330,43,30,55,40,65,97,3,0
371,Bagon,2,12,300,45,75,60,40,30,50,3,0
372,Shelgon,2,12,420,65,95,100,60,50,50,3,0
373,Salamence,2,7,600,95,135,80,110,80,100,3,0
373,SalamenceMega Salamence,2,7,700,95,145,130,120,90,120,3,0
374,Beldum,16,15,300,40,55,80,35,60,30,3,0
375,Metang,16,15,420,60,75,100,55,80,50,3,0
376,Metagross,16,15,600,80,135,130,95,90,70,3,0
376,MetagrossMega Metagross,16,15,700,80,145,150,105,110,110,3,0
377,Regirock,15,12,580,80,100,200,50,100,50,3,1
378,Regice,11,12,580,80,50,100,100,200,50,3,1
379,Registeel,16,12,580,80,75,150,75,150,50,3,1
380,Latias,2,15,600,80,80,90,110,130,110,3,1
380,LatiasMega Latias,2,15,700,80,100,120,140,150,110,3,1
381,Latios,2,15,600,80,90,80,130,110,110,3,1
381,LatiosMega Latios,2,15,700,80,130,100,160,120,110,3,1
382,Kyogre,17,12,670,100,100,90,150,140,90,3,1
382,KyogrePrimal Kyogre,17,12,770,100,150,90,180,160,90,3,1
383,Groudon,10,12,670,100,150,140,100,90,90,3,1
383,GroudonPrimal Groudon,10,6,770,100,180,160,150,90,90,3,1
384,Rayquaza,2,7,680,105,150,90,150,90,95,3,1
384,RayquazaMega Rayquaza,2,7,780,105,180,100,180,100,115,3,1
385,Jirachi,16,15,600,100,100,100,100,100,100,3,1
386,DeoxysNormal Forme,14,12,600,50,150,50,150,50,150,3,1
386,DeoxysAttack Forme,14,12,600,50,180,20,180,20,150,3,1
386,DeoxysDefense Forme,14,12,600,50,70,160,70,160,90,3,1
386,DeoxysSpeed Forme,14,12,600,50,95,90,95,90,180,3,1
387,Turtwig,9,12,318,55,68,64,45,55,31,4,0
388,Grotle,9,12,405,75,89,85,55,65,36,4,0
389,Torterra,9,10,525,95,109,105,75,85,56,4,0
390,Chimchar,6,12,309,44,58,44,58,44,61,4,0
391,Monferno,6,5,405,64,78,52,78,52,81,4,0
392,Infernape,6,5,534,76,104,71,104,71,108,4,0
393,Piplup,17,12,314,53,51,53,61,56,40,4,0
394,Prinplup,17,12,405,64,66,68,81,76,50,4,0
395,Empoleon,17,17,530,84,86,88,111,101,60,4,0
396,Starly,12,7,245,40,55,30,30,30,60,4,0
397,Staravia,12,7,340,55,75,50,40,40,80,4,0
398,Staraptor,12,7,485,85,120,70,50,60,100,4,0
399,Bidoof,12,12,250,59,45,40,35,40,31,4,0
400,Bibarel,12,18,410,79,85,60,55,60,71,4,0
401,Kricketot,0,12,194,37,25,41,25,41,25,4,0
402,Kricketune,0,12,384,77,85,51,55,51,65,4,0
403,Shinx,3,12,263,45,65,34,40,34,45,4,0
404,Luxio,3,12,363,60,85,49,60,49,60,4,0
405,Luxray,3,12,523,80,120,79,95,79,70,4,0
406,Budew,9,14,280,40,30,35,50,70,55,4,0
407,Roserade,9,14,515,60,70,65,125,105,90,4,0
408,Cranidos,15,12,350,67,125,40,30,30,58,4,0
409,Rampardos,15,12,495,97,165,60,65,50,58,4,0
410,Shieldon,15,17,350,30,42,118,42,88,30,4,0
411,Bastiodon,15,17,495,60,52,168,47,138,30,4,0
412,Burmy,0,12,224,40,29,45,29,45,36,4,0
413,WormadamPlant Cloak,0,9,424,60,59,85,79,105,36,4,0
413,WormadamSandy Cloak,0,10,424,60,79,105,59,85,36,4,0
413,WormadamTrash Cloak,0,17,424,60,69,95,69,95,36,4,0
414,Mothim,0,7,424,70,94,50,94,50,66,4,0
415,Combee,0,7,244,30,30,42,30,42,70,4,0
416,Vespiquen,0,7,474,70,80,102,80,102,40,4,0
417,Pachirisu,3,12,405,60,45,70,45,90,95,4,0
418,Buizel,17,12,330,55,65,35,60,30,85,4,0
419,Floatzel,17,12,495,85,105,55,85,50,115,4,0
420,Cherubi,9,12,275,45,35,45,62,53,35,4,0
421,Cherrim,9,12,450,70,60,70,87,78,85,4,0
422,Shellos,17,12,325,76,48,48,57,62,34,4,0
423,Gastrodon,17,10,475,111,83,68,92,82,39,4,0
424,Ambipom,12,12,482,75,100,66,60,66,115,4,0
425,Drifloon,8,7,348,90,50,34,60,44,70,4,0
426,Drifblim,8,7,498,150,80,44,90,54,80,4,0
427,Buneary,12,12,350,55,66,44,44,56,85,4,0
428,Lopunny,12,12,480,65,76,84,54,96,105,4,0
428,LopunnyMega Lopunny,12,5,580,65,136,94,54,96,135,4,0
429,Mismagius,8,12,495,60,60,60,105,105,105,4,0
430,Honchkrow,1,7,505,100,125,52,105,52,71,4,0
431,Glameow,12,12,310,49,55,42,42,37,85,4,0
432,Purugly,12,12,452,71,82,64,64,59,112,4,0
433,Chingling,14,12,285,45,30,50,65,50,45,4,0
434,Stunky,13,1,329,63,63,47,41,41,74,4,0
435,Skuntank,13,1,479,103,93,67,71,61,84,4,0
436,Bronzor,16,15,300,57,24,86,24,86,23,4,0
437,Bronzong,16,15,500,67,89,116,79,116,33,4,0
438,Bonsly,15,12,290,50,80,95,10,45,10,4,0
439,Mime Jr.,14,4,310,20,25,45,70,90,60,4,0
440,Happiny,12,12,220,100,5,5,15,65,30,4,0
441,Chatot,12,7,411,76,65,45,92,42,91,4,0
442,Spiritomb,8,1,485,50,92,108,92,108,35,4,0
443,Gible,2,10,300,58,70,45,40,45,42,4,0
444,Gabite,2,10,410,68,90,65,50,55,82,4,0
445,Garchomp,2,10,600,108,130,95,80,85,102,4,0
445,GarchompMega Garchomp,2,10,700,108,170,115,120,95,92,4,0
446,Munchlax,12,12,390,135,85,40,40,85,5,4,0
447,Riolu,5,12,285,40,70,40,35,40,60,4,0
448,Lucario,5,17,525,70,110,70,115,70,90,4,0
448,LucarioMega Lucario,5,17,625,70,145,88,140,70,112,4,0
449,Hippopotas,10,12,330,68,72,78,38,42,32,4,0
450,Hippowdon,10,12,525,108,112,118,68,72,47,4,0
451,Skorupi,13,0,330,40,50,90,30,55,65,4,0
452,Drapion,13,1,500,70,90,110,60,75,95,4,0
453,Croagunk,13,5,300,48,61,40,61,40,50,4,0
454,Toxicroak,13,5,490,83,106,65,86,65,85,4,0
455,Carnivine,9,12,454,74,100,72,90,72,46,4,0
456,Finneon,17,12,330,49,49,56,49,61,66,4,0
457,Lumineon,17,12,460,69,69,76,69,86,91,4,0
458,Mantyke,17,7,345,45,20,50,60,120,50,4,0
459,Snover,9,11,334,60,62,50,62,60,40,4,0
460,Abomasnow,9,11,494,90,92,75,92,85,60,4,0
460,AbomasnowMega Abomasnow,9,11,594,90,132,105,132,105,30,4,0
461,Weavile,1,11,510,70,120,65,45,85,125,4,0
462,Magnezone,3,17,535,70,70,115,130,90,60,4,0
463,Lickilicky,12,12,515,110,85,95,80,95,50,4,0
464,Rhyperior,10,16,535,115,140,130,55,55,40,4,0
465,Tangrowth,9,12,535,100,100,125,110,50,50,4,0
466,Electivire,3,12,540,75,123,67,95,85,95,4,0
467,Magmortar,6,12,540,75,95,67,125,95,83,4,0
468,Togekiss,4,7,545,85,50,95,120,115,80,4,0
469,Yanmega,0,7,515,86,76,86,116,56,95,4,0
470,Leafeon,9,12,525,65,110,130,60,65,95,4,0
471,Glaceon,11,12,525,65,60,110,130,95,65,4,0
472,Gliscor,10,7,510,75,95,125,45,75,95,4,0
473,Mamoswine,11,10,530,110,130,80,70,60,80,4,0
474,Porygon-Z,12,12,535,85,80,70,135,75,90,4,0
475,Gallade,14,5,518,68,125,65,65,115,80,4,0
475,GalladeMega Gallade,14,5,618,68,165,95,65,115,110,4,0
476,Probopass,15,17,525,60,55,145,75,150,40,4,0
477,Dusknoir,8,12,525,45,100,135,65,135,45,4,0
478,Froslass,11,8,480,70,80,70,80,70,110,4,0
479,Rotom,3,8,440,50,50,77,95,77,91,4,0
479,RotomHeat Rotom,3,6,520,50,65,107,105,107,86,4,0
479,RotomWash Rotom,3,18,520,50,65,107,105,107,86,4,0
479,RotomFrost Rotom,3,11,520,50,65,107,105,107,86,4,0
479,RotomFan Rotom,3,7,520,50,65,107,105,107,86,4,0
479,RotomMow Rotom,3,9,520,50,65,107,105,107,86,4,0
480,Uxie,14,12,580,75,75,130,75,130,95,4,1
481,Mesprit,14,12,580,80,105,105,105,105,80,4,1
482,Azelf,14,12,580,75,125,70,125,70,115,4,1
483,Dialga,16,2,680,100,120,120,150,100,90,4,1
484,Palkia,17,2,680,90,120,100,150,120,100,4,1
485,Heatran,6,17,600,91,90,106,130,106,77,4,1
486,Regigigas,12,12,670,110,160,110,80,110,100,4,1
487,GiratinaAltered Forme,8,2,680,150,100,120,100,120,90,4,1
487,GiratinaOrigin Forme,8,2,680,150,120,100,120,100,90,4,1
488,Cresselia,14,12,600,120,70,120,75,130,85,4,0
489,Phione,17,12,480,80,80,80,80,80,80,4,0
490,Manaphy,17,12,600,100,100,100,100,100,100,4,0
491,Darkrai,1,12,600,70,90,90,135,90,125,4,1
492,ShayminLand Forme,9,12,600,100,100,100,100,100,100,4,1
492,ShayminSky Forme,9,7,600,100,103,75,120,75,127,4,1
493,Arceus,12,12,720,120,120,120,120,120,120,4,1
494,Victini,14,6,600,100,100,100,100,100,100,5,1
495,Snivy,9,12,308,45,45,55,45,55,63,5,0
496,Servine,9,12,413,60,60,75,60,75,83,5,0
497,Serperior,9,12,528,75,75,95,75,95,113,5,0
498,Tepig,6,12,308,65,63,45,45,45,45,5,0
499,Pignite,6,5,418,90,93,55,70,55,55,5,0
500,Emboar,6,5,528,110,123,65,100,65,65,5,0
501,Oshawott,17,12,308,55,55,45,63,45,45,5,0
502,Dewott,17,12,413,75,75,60,83,60,60,5,0
503,Samurott,17,12,528,95,100,85,108,70,70,5,0
504,Patrat,12,12,255,45,55,39,35,39,42,5,0
505,Watchog,12,12,420,60,85,69,60,69,77,5,0
506,Lillipup,12,12,275,45,60,45,25,45,55,5,0
507,Herdier,12,12,370,65,80,65,35,65,60,5,0
508,Stoutland,12,12,500,85,110,90,45,90,80,5,0
509,Purrloin,1,12,281,41,50,37,50,37,66,5,0
510,Liepard,1,12,446,64,88,50,88,50,106,5,0
511,Pansage,9,12,316,50,53,48,53,48,64,5,0
512,Simisage,9,12,498,75,98,63,98,63,101,5,0
513,Pansear,6,12,316,50,53,48,53,48,64,5,0
514,Simisear,6,12,498,75,98,63,98,63,101,5,0
515,Panpour,17,12,316,50,53,48,53,48,64,5,0
516,Simipour,17,12,498,75,98,63,98,63,101,5,0
517,Munna,14,12,292,76,25,45,67,55,24,5,0
518,Musharna,14,12,487,116,55,85,107,95,29,5,0
519,Pidove,12,7,264,50,55,50,36,30,43,5,0
520,Tranquill,12,7,358,62,77,62,50,42,65,5,0
521,Unfezant,12,7,488,80,115,80,65,55,93,5,0
522,Blitzle,3,12,295,45,60,32,50,32,76,5,0
523,Zebstrika,3,12,497,75,100,63,80,63,116,5,0
524,Roggenrola,15,12,280,55,75,85,25,25,15,5,0
525,Boldore,15,12,390,70,105,105,50,40,20,5,0
526,Gigalith,15,12,515,85,135,130,60,80,25,5,0
527,Woobat,14,7,313,55,45,43,55,43,72,5,0
528,Swoobat,14,7,425,67,57,55,77,55,114,5,0
529,Drilbur,10,12,328,60,85,40,30,45,68,5,0
530,Excadrill,10,17,508,110,135,60,50,65,88,5,0
531,Audino,12,12,445,103,60,86,60,86,50,5,0
531,AudinoMega Audino,12,4,545,103,60,126,80,126,50,5,0
532,Timburr,5,12,305,75,80,55,25,35,35,5,0
533,Gurdurr,5,12,405,85,105,85,40,50,40,5,0
534,Conkeldurr,5,12,505,105,140,95,55,65,45,5,0
535,Tympole,17,12,294,50,50,40,50,40,64,5,0
536,Palpitoad,17,10,384,75,65,55,65,55,69,5,0
537,Seismitoad,17,10,509,105,95,75,85,75,74,5,0
538,Throh,5,12,465,120,100,85,30,85,45,5,0
539,Sawk,5,12,465,75,125,75,30,75,85,5,0
540,Sewaddle,0,9,310,45,53,70,40,60,42,5,0
541,Swadloon,0,9,380,55,63,90,50,80,42,5,0
542,Leavanny,0,9,500,75,103,80,70,80,92,5,0
543,Venipede,0,14,260,30,45,59,30,39,57,5,0
544,Whirlipede,0,14,360,40,55,99,40,79,47,5,0
545,Scolipede,0,14,485,60,100,89,55,69,112,5,0
546,Cottonee,9,4,280,40,27,60,37,50,66,5,0
547,Whimsicott,9,4,480,60,67,85,77,75,116,5,0
548,Petilil,9,12,280,45,35,50,70,50,30,5,0
549,Lilligant,9,12,480,70,60,75,110,75,90,5,0
550,Basculin,17,12,460,70,92,65,80,55,98,5,0
551,Sandile,10,1,292,50,72,35,35,35,65,5,0
552,Krokorok,10,1,351,60,82,45,45,45,74,5,0
553,Krookodile,10,1,519,95,117,80,65,70,92,5,0
554,Darumaka,6,12,315,70,90,45,15,45,50,5,0
555,DarmanitanStandard Mode,6,12,480,105,140,55,30,55,95,5,0
555,DarmanitanZen Mode,6,15,540,105,30,105,140,105,55,5,0
556,Maractus,9,12,461,75,86,67,106,67,60,5,0
557,Dwebble,0,16,325,50,65,85,35,35,55,5,0
558,Crustle,0,16,475,70,95,125,65,75,45,5,0
559,Scraggy,1,5,348,50,75,70,35,70,48,5,0
560,Scrafty,1,5,488,65,90,115,45,115,58,5,0
561,Sigilyph,14,7,490,72,58,80,103,80,97,5,0
562,Yamask,8,12,303,38,30,85,55,65,30,5,0
563,Cofagrigus,8,12,483,58,50,145,95,105,30,5,0
564,Tirtouga,17,16,355,54,78,103,53,45,22,5,0
565,Carracosta,17,16,495,74,108,133,83,65,32,5,0
566,Archen,15,7,401,55,112,45,74,45,70,5,0
567,Archeops,15,7,567,75,140,65,112,65,110,5,0
568,Trubbish,13,12,329,50,50,62,40,62,65,5,0
569,Garbodor,13,12,474,80,95,82,60,82,75,5,0
570,Zorua,1,12,330,40,65,40,80,40,65,5,0
571,Zoroark,1,12,510,60,105,60,120,60,105,5,0
572,Minccino,12,12,300,55,50,40,40,40,75,5,0
573,Cinccino,12,12,470,75,95,60,65,60,115,5,0
574,Gothita,14,12,290,45,30,50,55,65,45,5,0
575,Gothorita,14,12,390,60,45,70,75,85,55,5,0
576,Gothitelle,14,12,490,70,55,95,95,110,65,5,0
577,Solosis,14,12,290,45,30,40,105,50,20,5,0
578,Duosion,14,12,370,65,40,50,125,60,30,5,0
579,Reuniclus,14,12,490,110,65,75,125,85,30,5,0
580,Ducklett,17,7,305,62,44,50,44,50,55,5,0
581,Swanna,17,7,473,75,87,63,87,63,98,5,0
582,Vanillite,11,12,305,36,50,50,65,60,44,5,0
583,Vanillish,11,12,395,51,65,65,80,75,59,5,0
584,Vanilluxe,11,12,535,71,95,85,110,95,79,5,0
585,Deerling,12,9,335,60,60,50,40,50,75,5,0
586,Sawsbuck,12,9,475,80,100,70,60,70,95,5,0
587,Emolga,3,7,428,55,75,60,75,60,103,5,0
588,Karrablast,0,12,315,50,75,45,40,45,60,5,0
589,Escavalier,0,17,495,70,135,105,60,105,20,5,0
590,Foongus,9,14,294,69,55,45,55,55,15,5,0
591,Amoonguss,9,14,464,114,85,70,85,80,30,5,0
592,Frillish,17,8,335,55,40,50,65,85,40,5,0
593,Jellicent,17,8,480,100,60,70,85,105,60,5,0
594,Alomomola,17,12,470,165,75,80,40,45,65,5,0
595,Joltik,0,3,319,50,47,50,57,50,65,5,0
596,Galvantula,0,3,472,70,77,60,97,60,108,5,0
597,Ferroseed,9,17,305,44,50,91,24,86,10,5,0
598,Ferrothorn,9,17,489,74,94,131,54,116,20,5,0
599,Klink,16,12,300,40,55,70,45,60,30,5,0
600,Klang,16,12,440,60,80,95,70,85,50,5,0
601,Klinklang,16,12,520,60,100,115,70,85,90,5,0
602,Tynamo,3,12,275,35,55,40,45,40,60,5,0
603,Eelektrik,3,12,405,65,85,70,75,70,40,5,0
604,Eelektross,3,12,515,85,115,80,105,80,50,5,0
605,Elgyem,14,12,335,55,55,55,85,55,30,5,0
606,Beheeyem,14,12,485,75,75,75,125,95,40,5,0
607,Litwick,8,6,275,50,30,55,65,55,20,5,0
608,Lampent,8,6,370,60,40,60,95,60,55,5,0
609,Chandelure,8,6,520,60,55,90,145,90,80,5,0
610,Axew,2,12,320,46,87,60,30,40,57,5,0
611,Fraxure,2,12,410,66,117,70,40,50,67,5,0
612,Haxorus,2,12,540,76,147,90,60,70,97,5,0
613,Cubchoo,11,12,305,55,70,40,60,40,40,5,0
614,Beartic,11,12,485,95,110,80,70,80,50,5,0
615,Cryogonal,11,12,485,70,50,30,95,135,105,5,0
616,Shelmet,0,12,305,50,40,85,40,65,25,5,0
617,Accelgor,0,12,495,80,70,40,100,60,145,5,0
618,Stunfisk,10,3,471,109,66,84,81,99,32,5,0
619,Mienfoo,5,12,350,45,85,50,55,50,65,5,0
620,Mienshao,5,12,510,65,125,60,95,60,105,5,0
621,Druddigon,2,12,485,77,120,90,60,90,48,5,0
622,Golett,10,8,303,59,74,50,35,50,35,5,0
623,Golurk,10,8,483,89,124,80,55,80,55,5,0
624,Pawniard,1,17,340,45,85,70,40,40,60,5,0
625,Bisharp,1,17,490,65,125,100,60,70,70,5,0
626,Bouffalant,12,12,490,95,110,95,40,95,55,5,0
627,Rufflet,12,7,350,70,83,50,37,50,60,5,0
628,Braviary,12,7,510,100,123,75,57,75,80,5,0
629,Vullaby,1,7,370,70,55,75,45,65,60,5,0
630,Mandibuzz,1,7,510,110,65,105,55,95,80,5,0
631,Heatmor,6,12,484,85,97,66,105,66,65,5,0
632,Durant,0,17,484,58,109,112,48,48,109,5,0
633,Deino,1,2,300,52,65,50,45,50,38,5,0
634,Zweilous,1,2,420,72,85,70,65,70,58,5,0
635,Hydreigon,1,2,600,92,105,90,125,90,98,5,0
636,Larvesta,0,6,360,55,85,55,50,55,60,5,0
637,Volcarona,0,6,550,85,60,65,135,105,100,5,0
638,Cobalion,16,5,580,91,90,129,90,72,108,5,1
639,Terrakion,15,5,580,91,129,90,72,90,108,5,1
640,Virizion,9,5,580,91,90,72,90,129,108,5,1
641,TornadusIncarnate Forme,7,12,580,79,115,70,125,80,111,5,1
641,TornadusTherian Forme,7,12,580,79,100,80,110,90,121,5,1
642,ThundurusIncarnate Forme,3,7,580,79,115,70,125,80,111,5,1
642,ThundurusTherian Forme,3,7,580,79,105,70,145,80,101,5,1
643,Reshiram,2,6,680,100,120,100,150,120,90,5,1
644,Zekrom,2,3,680,100,150,120,120,100,90,5,1
645,LandorusIncarnate Forme,10,7,600,89,125,90,115,80,101,5,1
645,LandorusTherian Forme,10,7,600,89,145,90,105,80,91,5,1
646,Kyurem,2,11,660,125,130,90,130,90,95,5,1
646,KyuremBlack Kyurem,2,11,700,125,170,100,120,90,95,5,1
646,KyuremWhite Kyurem,2,11,700,125,120,90,170,100,95,5,1
647,KeldeoOrdinary Forme,17,5,580,91,72,90,129,90,108,5,0
647,KeldeoResolute Forme,17,5,580,91,72,90,129,90,108,5,0
648,MeloettaAria Forme,12,15,600,100,77,77,128,128,90,5,0
648,MeloettaPirouette Forme,12,5,600,100,128,90,77,77,128,5,0
649,Genesect,0,17,600,71,120,95,120,95,99,5,0
650,Chespin,9,12,313,56,61,65,48,45,38,6,0
651,Quilladin,9,12,405,61,78,95,56,58,57,6,0
652,Chesnaught,9,5,530,88,107,122,74,75,64,6,0
653,Fennekin,6,12,307,40,45,40,62,60,60,6,0
654,Braixen,6,12,409,59,59,58,90,70,73,6,0
655,Delphox,6,15,534,75,69,72,114,100,104,6,0
656,Froakie,17,12,314,41,56,40,62,44,71,6,0
657,Frogadier,17,12,405,54,63,52,83,56,97,6,0
658,Greninja,17,1,530,72,95,67,103,71,122,6,0
659,Bunnelby,12,12,237,38,36,38,32,36,57,6,0
660,Diggersby,12,10,423,85,56,77,50,77,78,6,0
661,Fletchling,12,7,278,45,50,43,40,38,62,6,0
662,Fletchinder,6,7,382,62,73,55,56,52,84,6,0
663,Talonflame,6,7,499,78,81,71,74,69,126,6,0
664,Scatterbug,0,12,200,38,35,40,27,25,35,6,0
665,Spewpa,0,12,213,45,22,60,27,30,29,6,0
666,Vivillon,0,7,411,80,52,50,90,50,89,6,0
667,Litleo,6,13,369,62,50,58,73,54,72,6,0
668,Pyroar,6,13,507,86,68,72,109,66,106,6,0
669,Flabb,4,12,303,44,38,39,61,79,42,6,0
670,Floette,4,12,371,54,45,47,75,98,52,6,0
671,Florges,4,12,552,78,65,68,112,154,75,6,0
672,Skiddo,9,12,350,66,65,48,62,57,52,6,0
673,Gogoat,9,12,531,123,100,62,97,81,68,6,0
674,Pancham,5,12,348,67,82,62,46,48,43,6,0
675,Pangoro,5,1,495,95,124,78,69,71,58,6,0
676,Furfrou,12,12,472,75,80,60,65,90,102,6,0
677,Espurr,14,12,355,62,48,54,63,60,68,6,0
678,MeowsticMale,14,12,466,74,48,76,83,81,104,6,0
678,MeowsticFemale,14,12,466,74,48,76,83,81,104,6,0
679,Honedge,16,8,325,45,80,100,35,37,28,6,0
680,Doublade,16,8,448,59,110,150,45,49,35,6,0
681,AegislashBlade Forme,16,8,520,60,150,50,150,50,60,6,0
681,AegislashShield Forme,16,8,520,60,50,150,50,150,60,6,0
682,Spritzee,4,12,341,78,52,60,63,65,23,6,0
683,Aromatisse,4,12,462,101,72,72,99,89,29,6,0
684,Swirlix,4,12,341,62,48,66,59,57,49,6,0
685,Slurpuff,4,12,480,82,80,86,85,75,72,6,0
686,Inkay,1,15,288,53,54,53,37,46,45,6,0
687,Malamar,1,15,482,86,92,88,68,75,73,6,0
688,Binacle,15,18,306,42,52,67,39,56,50,6,0
689,Barbaracle,15,18,500,72,105,115,54,86,68,6,0
690,Skrelp,13,18,320,50,60,60,60,60,30,6,0
691,Dragalge,13,2,494,65,75,90,97,123,44,6,0
692,Clauncher,17,12,330,50,53,62,58,63,44,6,0
693,Clawitzer,17,12,500,71,73,88,120,89,59,6,0
694,Helioptile,3,13,289,44,38,33,61,43,70,6,0
695,Heliolisk,3,13,481,62,55,52,109,94,109,6,0
696,Tyrunt,15,2,362,58,89,77,45,45,48,6,0
697,Tyrantrum,15,2,521,82,121,119,69,59,71,6,0
698,Amaura,15,11,362,77,59,50,67,63,46,6,0
699,Aurorus,15,11,521,123,77,72,99,92,58,6,0
700,Sylveon,4,12,525,95,65,65,110,130,60,6,0
701,Hawlucha,5,7,500,78,92,75,74,63,118,6,0
702,Dedenne,3,4,431,67,58,57,81,67,101,6,0
703,Carbink,15,4,500,50,50,150,50,150,50,6,0
704,Goomy,2,12,300,45,50,35,55,75,40,6,0
705,Sliggoo,2,12,452,68,75,53,83,113,60,6,0
706,Goodra,2,12,600,90,100,70,110,150,80,6,0
707,Klefki,16,4,470,57,80,91,80,87,75,6,0
708,Phantump,8,9,309,43,70,48,50,60,38,6,0
709,Trevenant,8,9,474,85,110,76,65,82,56,6,0
710,PumpkabooAverage Size,8,9,335,49,66,70,44,55,51,6,0
710,PumpkabooSmall Size,8,9,335,44,66,70,44,55,56,6,0
710,PumpkabooLarge Size,8,9,335,54,66,70,44,55,46,6,0
710,PumpkabooSuper Size,8,9,335,59,66,70,44,55,41,6,0
711,GourgeistAverage Size,8,9,494,65,90,122,58,75,84,6,0
711,GourgeistSmall Size,8,9,494,55,85,122,58,75,99,6,0
711,GourgeistLarge Size,8,9,494,75,95,122,58,75,69,6,0
711,GourgeistSuper Size,8,9,494,85,100,122,58,75,54,6,0
712,Bergmite,11,12,304,55,69,85,32,35,28,6,0
713,Avalugg,11,12,514,95,117,184,44,46,28,6,0
714,Noibat,7,2,245,40,30,35,45,40,55,6,0
715,Noivern,7,2,535,85,70,80,97,80,123,6,0
716,Xerneas,4,12,680,126,131,95,131,98,99,6,1
717,Yveltal,1,7,680,126,131,95,131,98,99,6,1
718,Zygarde50% Forme,2,10,600,108,100,121,81,95,95,6,1
719,Diancie,15,4,600,50,100,150,100,150,50,6,1
719,DiancieMega Diancie,15,4,700,50,160,110,160,110,110,6,1
720,HoopaHoopa Confined,14,8,600,80,110,60,150,130,70,6,1
720,HoopaHoopa Unbound,14,1,680,80,160,60,170,130,80,6,1
721,Volcanion,6,18,600,80,110,120,130,90,70,6,1
